{"episode_types": ["t", "t", "t", "t", "t", "t", "t", "t", "t", "t", "t", "t", "t", "t", "t", "t", "t", "t", "t", "t", "t", "t", "t", "t", "t", "t", "t", "t", "t", "t", "t", "t", "t", "t", "t", "t", "t", "t", "t", "t", "t", "t", "t", "t", "t", "t", "t", "t", "t", "t", "t", "t", "t", "t", "t", "t", "t", "t", "t", "t", "t", "t", "t", "t", "t", "t", "t", "t", "t", "t", "t", "t", "t", "t", "t", "t", "t", "t", "t", "t", "t", "t", "t", "t", "t", "t", "t", "t", "t", "t", "t", "t", "t", "t", "t", "t", "t", "t", "t", "t"], "episode_lengths": [500, 500, 500, 500, 500, 500, 500, 500, 500, 500, 500, 500, 500, 500, 500, 500, 500, 500, 500, 500, 500, 500, 500, 500, 500, 500, 500, 500, 500, 500, 500, 500, 500, 500, 500, 500, 500, 500, 500, 500, 500, 500, 500, 500, 500, 500, 500, 500, 500, 500, 500, 500, 500, 500, 500, 500, 500, 500, 500, 500, 500, 500, 500, 500, 500, 500, 500, 500, 500, 500, 500, 500, 500, 500, 500, 500, 500, 500, 62, 500, 500, 500, 500, 500, 500, 500, 500, 500, 500, 500, 500, 500, 500, 500, 500, 500, 500, 500, 500, 500], "timestamps": [1507422679.889567, 1507422686.7489753, 1507422687.1720803, 1507422687.5598903, 1507422687.9237916, 1507422688.3012598, 1507422688.6723397, 1507422689.0445764, 1507422695.744675, 1507422696.149911, 1507422696.5233448, 1507422696.893892, 1507422697.2610888, 1507422697.6223688, 1507422697.996769, 1507422698.364152, 1507422698.7372808, 1507422699.1038542, 1507422699.4791658, 1507422699.849549, 1507422700.2295725, 1507422700.6054714, 1507422700.9687822, 1507422701.3394601, 1507422701.7163131, 1507422702.0843112, 1507422702.452626, 1507422709.1946528, 1507422709.613983, 1507422709.9934464, 1507422710.3544466, 1507422710.7259085, 1507422711.1022708, 1507422711.4783726, 1507422711.8466945, 1507422712.2146513, 1507422712.5744262, 1507422712.9487553, 1507422713.322118, 1507422713.6967256, 1507422714.0662575, 1507422714.432393, 1507422714.8039465, 1507422715.1715443, 1507422715.5375638, 1507422715.908313, 1507422716.27585, 1507422716.6459243, 1507422717.022916, 1507422717.386276, 1507422717.76813, 1507422718.1328306, 1507422718.4975297, 1507422718.8645732, 1507422719.2380483, 1507422719.611699, 1507422719.9831293, 1507422720.3571596, 1507422720.7392142, 1507422721.0990784, 1507422721.4705334, 1507422721.847867, 1507422722.2202177, 1507422722.5884726, 1507422729.3548303, 1507422729.771291, 1507422730.1412323, 1507422730.5207865, 1507422730.885002, 1507422731.2853043, 1507422731.6517289, 1507422732.0127382, 1507422732.3705692, 1507422732.7412722, 1507422733.1062655, 1507422733.4671292, 1507422733.835682, 1507422734.201131, 1507422734.2440407, 1507422734.6038947, 1507422734.9651592, 1507422735.3493505, 1507422735.718097, 1507422736.0893767, 1507422736.439602, 1507422736.803033, 1507422737.1695502, 1507422737.5478213, 1507422737.9130855, 1507422738.2794347, 1507422738.6449313, 1507422739.0182934, 1507422739.3781948, 1507422739.7459083, 1507422740.1304312, 1507422740.4911394, 1507422740.8534746, 1507422741.217272, 1507422741.5875945, 1507422741.949642], "episode_rewards": [500.0, 500.0, 500.0, 500.0, 500.0, 500.0, 500.0, 500.0, 500.0, 500.0, 500.0, 500.0, 500.0, 500.0, 500.0, 500.0, 500.0, 500.0, 500.0, 500.0, 500.0, 500.0, 500.0, 500.0, 500.0, 500.0, 500.0, 500.0, 500.0, 500.0, 500.0, 500.0, 500.0, 500.0, 500.0, 500.0, 500.0, 500.0, 500.0, 500.0, 500.0, 500.0, 500.0, 500.0, 500.0, 500.0, 500.0, 500.0, 500.0, 500.0, 500.0, 500.0, 500.0, 500.0, 500.0, 500.0, 500.0, 500.0, 500.0, 500.0, 500.0, 500.0, 500.0, 500.0, 500.0, 500.0, 500.0, 500.0, 500.0, 500.0, 500.0, 500.0, 500.0, 500.0, 500.0, 500.0, 500.0, 500.0, 62.0, 500.0, 500.0, 500.0, 500.0, 500.0, 500.0, 500.0, 500.0, 500.0, 500.0, 500.0, 500.0, 500.0, 500.0, 500.0, 500.0, 500.0, 500.0, 500.0, 500.0, 500.0], "initial_reset_timestamp": 1507422672.2856183}